sr no,Content,target
1,"First of all, I want to remind you of your strengths and accomplishments.",ai
2,"You have achieved so much already, and you have so much potential to do even more.",ai
3,"Remember the times when you faced challenges and overcame them, and let those successes fuel your confidence and resilience.",ai
4,"At the same time, it's important to acknowledge that life can be difficult and unpredictable, and sometimes things don't go as planned.",ai
5,"During those times, it's okay to take a step back, reflect, and regroup.",ai
6,"Remember that you are not alone, and there are resources and support available to you.",ai
7,"One of the things that I have learned is that self-care is crucial for our physical, emotional, and mental well-being.",ai
8,"Make sure to take care of yourself, whether it's through exercise, meditation, spending time with loved ones, or engaging in activities that bring you joy and fulfillment.",ai
9,"Finally, I encourage you to keep learning and growing.",ai
10,"As an AI language model, I am constantly learning and updating my knowledge, and I believe that you can do the same.",ai
11,"Whether it's through formal education, reading books, or simply being curious and asking questions, there is always something new to learn.",ai
12,"In closing, I want to remind you that you are capable, worthy, and deserving of happiness and success.",ai
13,"Keep striving towards your goals and dreams, and remember that I am always here to support and encourage you.",ai
14,The sky is a beautiful shade of blue today.,ai
15,The cat sat lazily in the sun.,ai
16,The coffee was strong and bitter.,ai
17,The leaves rustled in the gentle breeze.,ai
18,The birds sang a cheerful melody in the morning.,ai
19,The ocean waves crashed against the shore.,ai
20,The city was bustling with activity and noise.,ai
21,The sun set behind the mountains in a blaze of orange and pink.,ai
22,The flowers bloomed in vibrant colors.,ai
23,The rain fell in a gentle patter on the roof.,ai
24,The stars twinkled in the dark night sky.,ai
25,The trees swayed in the wind.,ai
26,"The snow fell softly to the ground, covering everything in white.",ai
27,The fire crackled and popped in the fireplace.,ai
28,The moon shone bright in the clear sky.,ai
29,"The wind howled through the trees, creating an eerie sound.",ai
30,"The car sped down the highway, leaving a trail of dust behind.",ai
31,"The sunflower turned its head towards the sun, following its path across the sky.",ai
32,"The river flowed calmly, reflecting the blue sky above.",ai
33,"The thunder boomed in the distance, announcing the coming storm.",ai
34,"The waves lapped gently at the shore, creating a peaceful sound.",ai
35,The trees were ablaze with color in the fall.,ai
36,The city lights twinkled like stars in the night sky.,ai
37,The snowman stood tall and proud in the front yard.,ai
38,"The waves crashed against the rocks, sending spray into the air.",ai
39,"The sea gulls cried out in the distance, their calls echoing through the air.",ai
40,"The sun set over the horizon, painting the sky with hues of purple and orange.",ai
41,"The rainstorm raged outside, pounding against the windows.",ai
42,The leaves crunched underfoot as we walked through the woods.,ai
43,"The river rushed past, its waters churning and foaming.",ai
44,"The sun rose slowly, casting its warm glow across the landscape.",ai
45,"The snowflakes fell gently, creating a soft blanket over the ground.",ai
46,"The wind whipped through the trees, bending them almost in half.",ai
47,The birds flew in graceful patterns through the air.,ai
48,"The sun shone down on the beach, warming the sand beneath our feet.",ai
49,The rain dripped steadily from the eaves of the roof.,ai
50,The stars shone like diamonds in the clear night sky.,ai
51,"The windmill turned slowly in the breeze, creaking with every rotation.",ai
52,"The leaves fell gently to the ground, rustling as they went.",ai
53,"The waves pounded against the shore, their force almost overwhelming.",ai
54,"The sun beat down on the desert, creating a shimmering heat haze.",ai
55,"The clouds gathered in the sky, dark and ominous.",ai
56,The leaves whispered as they rustled in the wind.,ai
57,"The snow piled up outside, creating a winter wonderland.",ai
58,"The river flowed peacefully, its waters calm and serene.",ai
59,"The sun filtered through the trees, dappling the forest floor with light.",ai
60,"The storm raged outside, its fury almost frightening.",ai
61,"The flowers swayed in the breeze, their petals delicate and beautiful.",ai
62,The moon cast a silver glow over everything it touched.,ai
63,"The waves crashed against the rocks, creating a mesmerizing display.",ai
64,The legality of cousin marriage and its acceptance varies across different cultures and jurisdictions.,ai
65,"In some cultures and countries, cousin marriage is legal and socially acceptable, while in others it is prohibited or discouraged.",ai
66,"From a genetic perspective, cousin marriages can increase the likelihood of certain genetic disorders in the offspring.",ai
67,"This is because cousins share a higher percentage of their DNA than unrelated individuals, and if both carry the same harmful gene, there is an increased chance that their offspring will inherit two copies of that gene, leading to a genetic disorder.",ai
68,"However, the risk of having a child with a genetic disorder as a result of cousin marriage is generally low.",ai
69,"In many countries, cousin marriage is legal and socially accepted, but it is still recommended that individuals who are considering cousin marriage seek genetic counseling to assess their individual risks and to make an informed decision.",ai
70,"Ultimately, whether or not to marry a cousin is a personal and cultural decision that should be made based on individual circumstances, values, and beliefs.",ai
71,"Bantu has grown up suffering his father Valmiki’s vitriolic tongue until he discovers that he’s actually an heir to an influential family, who was exchanged at birth",human
72,He moves into their mansion to protect them from a criminal drug lord’s attack and helps the family sort their issues,human
73,"The film, which is a remake of a Telugu film Ala Vaikunthapurramuloo, starts on a promising note, as a nurse and an office clerk, Valmiki (Paresh Rawal), exchange the latter’s son with a business magnate Randeep Jindal’s (Ronit Bose Roy)",human
74,"For 25 years, Valmiki’s son Bantu is trapped in a middle-class household with his spiteful father",human
75,"The film follows the young guy as he discovers who he really is and vows to protect his real family from a villainous drug mafioso, Sarang (Sunny Hinduja)",human
76,"Kartik is effortless as the incorrigible, brave and good-hearted Bantu and does well in the action sequences, but there’s nothing fresh about his performance here",human
77,"The fight choreography deserves a special mention, with its slow-motion and macro videography, and also Sudeep Chatterjee’s cinematography is also good",human
78,"While the title track sung by Sonu Nigam, ‘Shehzada’, stands out, the others are just average",human
79,"Shehzada is meant to be enjoyed for its campy humour, irreverent hero, and action sequences",human
80,"If watching a mass entertainer with a gang of friends is your jam, you could make a trip to the theatre for this one",human
81,AI is going to permanently change how marketing works,human
82,"If you're not paying attention, you're going to be out of a job pretty soon",human
83,I played around with ChatGPT (a new AI tool) recently,human
84,Nikki Haley keeps saying how much she makes liberal heads explode,human
85,"Honestly, I don’t know anyone on the left who’s ever bothered to think of her, let alone be frustrated by her",human
86,"I`d have responded, if I were going",human
87,Sooo SAD I will miss you here in San Diego!!!,human
88,my boss is bullying me...,human
89,what interview! leave me alone,human
90,"Sons of ****, why couldn`t they put them on the releases we already bought",human
91,http://www.dothebouncy.com/smf - some shameless plugging for the best Rangers forum on earth,human
92,2am feedings for the baby are fun when he is all smiles and coos,human
93,Soooo high,human
94,Both of you,human
95,Journey!? Wow... u just became cooler. hehe... (is that possible!?),human
96,"as much as i love to be hopeful, i reckon the chances are minimal =P i`m never gonna get my cake and stuff",human
97,I really really like the song Love Story by Taylor Swift,human
98,My Sharpie is running DANGERously low on ink,human
99,i want to go to music tonight but i lost my voice.,human
100,test test from the LG enV2,human
101,"Uh oh, I am sunburned",human
102,"S`ok, trying to plot alternatives as we speak *sigh*",human
103,"i`ve been sick for the past few days and thus, my hair looks wierd. if i didnt have a hat on it would look... http://tinyurl.com/mnf4kw",human
104,is back home now gonna miss every one,human
105,Hes just not that into you,human
106,"oh Marly, I`m so sorry!! I hope you find her soon!! <3 <3",human
107,Playing Ghost Online is really interesting. The new updates are Kirin pet and Metamorph for third job. Can`t wait to have a dragon pet,human
108,is cleaning the house for her family who is comming later today..,human
109,gotta restart my computer .. I thought Win7 was supposed to put an end to the constant rebootiness,human
110,SEe waT I Mean bOuT FoLL0w fRiiDaYs... It`S cALLed LoSe f0LloWeRs FridAy... smH,human
111,"the free fillin` app on my ipod is fun, im addicted",human
112,I`m sorry.,human
113,On the way to Malaysia...no internet access to Twit,human
114,juss came backk from Berkeleyy ; omg its madd fun out there havent been out there in a minute . whassqoodd ?,human
115,Went to sleep and there is a power cut in Noida Power back up not working too,human
116,I`m going home now. Have you seen my new twitter design? Quite....heavenly isn`****?,human
117,i hope unni will make the audition . fighting dahye unni !,human
118,If it is any consolation I got my BMI tested hahaha it says I am obesed well so much for being unhappy for about 10 minutes.,human
119,That`s very funny. Cute kids.,human
120,"Ahhh, I slept through the game. I`m gonna try my best to watch tomorrow though. I hope we play Army.",human
121,"Thats it, its the end. Tears for Fears vs Eric Prydz, DJ Hero http://bit.ly/2Hpbg4",human
122,Born and raised in NYC and living in Texas for the past 10 years! I still miss NY,human
123,"just in case you wonder, we are really busy today and this coming with with adding tons of new blogs and updates stay tuned",human
124,i`m soooooo sleeeeepy!!! the last day o` school was today....sniffle....,human
125,"A little happy for the wine jeje ok it`sm my free time so who cares, jaja i love this day",human
126,"Car not happy, big big dent in boot! Hoping theyre not going to write it off, crossing fingers and waiting",human
127,im an avid fan of **** magazine and i love your magazines,human
128,MAYDAY?!,human
129,"RATT ROCKED NASHVILLE TONITE..ONE THING SUCKED, NO ENCORE! LIKE IN THE 80`S THEY STILL HAVE A FUN SHOW. PEARCY HAS THAT HOTT BAD BOY LOOK",human
130,I love to! But I`m only available from 5pm. and where dear? Would love to help convert her vids.√Ø¬ø¬Ω,human
131,The girl in the hair salon asked me 'Shall I trim your eyebrows!' How old do I feel?,human
132,egh blah and boooooooooooo i dunno wanna go to work HANGOVERS SUCKKKKKK Im a drunk mess!,human
133,Tell me a joke,ai
134,What's the weather like?,ai
135,Set a reminder for me,ai
136,Play some music,ai
137,How do I reset my password?,ai
138,Order me a pizza,ai
139,Send a message to [contact],ai
140,What movies are playing nearby?,ai
141,What's the news today?,ai
142,Tell me a fun fact,ai
143,What time is it?,ai
144,What's the exchange rate for [currency]?,ai
145,Can you recommend a good restaurant?,ai
146,Check my calendar for tomorrow,ai
147,What's the meaning of [word]?,ai
148,What's the score of [sports game]?,ai
149,What's the best way to clean [object]?,ai
150,Book me a flight to [destination],ai
151,Show me the nearest gas station,ai
152,What's the capital of [country]?,ai
153,Translate [phrase] to [language],ai
154,What's the difference between [term] and [term]?,ai
155,Help me find a job,ai
156,How do I apply for a loan?,ai
157,What's the population of [city]?,ai
158,What's the recipe for [dish]?,ai
159,What's the distance between [location] and [location]?,ai
160,Can you tell me a bedtime story?,ai
161,What's the latest fashion trend?,ai
162,What's the best way to lose weight?,ai
163,Where can I find free Wi-Fi?,ai
164,What's the average lifespan of [animal]?,ai
165,How do I fix a leaky faucet?,ai
166,What's the current stock price for [company]?,ai
167,What's the best way to invest my money?,ai
168,What's the meaning of life?,ai
169,What's the difference between [product] and [product]?,ai
170,How do I make a good first impression?,ai
171,How do I change my phone plan?,ai
172,What's the best way to start a business?,ai
173,Where can I find free parking?,ai
174,What's the best way to get in shape?,ai
175,What's the history of [topic]?,ai
176,What's the best way to quit smoking?,ai
177,What's the best way to study for an exam?,ai
178,How do I file my taxes?,ai
179,What's the best way to improve my memory?,ai
180,What's the best way to reduce stress?,ai
181,What's the best way to meditate?,ai
182,How do I negotiate my salary?,ai
183,How do I cope with anxiety?,ai
184,What's the best way to budget my money?,ai
185,How do I write a good resume?,ai
186,What's the best way to learn a new language?,ai
187,What's the best way to save money on groceries?,ai
188,What's the best way to save money on gas?,ai
189,How do I improve my public speaking skills?,ai
190,How do I improve my writing skills?,ai
191,How do I improve my photography skills?,ai
192,What's the best way to travel on a budget?,ai
193,How do I build good credit?,ai
194,What's the best way to build a website?,ai
195,What's the best way to improve my social skills?,ai
196,What's the best way to negotiate a car price?,ai
197,How do I improve my time management skills?,ai
198,How do I make new friends?,ai
199,What's the best way to decorate my home?,ai
200,What's the best way to create a budget?,ai
201,How do I find a good roommate?,ai
202,How do I create a workout routine?,ai
203,What's the best way to find a good doctor,ai
204,What's the best way to cook [food]?,ai
205,What's the best way to improve my posture?,ai
206,How do I start a garden?,ai
207,What's the best way to handle a difficult coworker?,ai
208,What's the best way to handle a breakup?,ai
209,How do I create a social media strategy?,ai
210,What's the best way to manage my inbox?,ai
211,How do I plan a vacation?,ai
212,What's the best way to improve my LinkedIn profile?,ai
213,What's the best way to network at an event?,ai
214,How do I create a content marketing strategy?,ai
215,What's the best way to improve my website's SEO?,ai
216,How do I create a sales pitch?,ai
217,What's the best way to build customer loyalty?,ai
218,How do I handle a negative online review?,ai
219,What's the best way to create a product launch plan?,ai
220,What's the best way to create a customer service plan?,ai
221,How do I create a company culture?,ai
222,What's the best way to handle a crisis situation?,ai
223,How do I create a project plan?,ai
224,What's the best way to improve my team's productivity?,ai
225,How do I create a customer feedback survey?,ai
226,What's the best way to handle a difficult customer?,ai
227,How do I create a marketing budget?,ai
228,What's the best way to create a brand strategy?,ai
229,How do I create a user persona?,ai
230,What's the best way to create a mobile app?,ai
231,How do I create a website wireframe?,ai
232,What's the best way to improve my e-commerce website's checkout process?,ai
233,How do I create a digital marketing strategy?,ai
234,What's the best way to improve my email marketing campaigns?,ai
235,How do I create a social media advertising campaign?,ai
236,What's the best way to create a customer loyalty program?,ai
237,How do I create a sales funnel?,ai
238,What's the best way to optimize my website's landing pages?,ai
239,How do I create a content calendar?,ai
240,What's the best way to handle negative feedback?,ai
241,How do I create an effective call-to-action?,ai
242,What's the best way to optimize my website for mobile users?,ai
243,How do I improve my website's load speed?,ai
244,What's the best way to create a user-friendly website?,ai
245,How do I improve my website's accessibility?,ai
246,What's the best way to create a customer service chatbot?,ai
247,How do I create a customer referral program?,ai
248,What's the best way to handle a product recall?,ai
249,How do I create a social media crisis plan?,ai
250,What's the best way to handle a data breach?,ai
251,How do I improve my website's security?,ai
252,AI-generated content can be used as an output in various fields and industries.,ai
253,Here are a few examples:,ai
254,Education is an essential part of every person's life.,ai
255,It provides individuals with the knowledge and skills needed to succeed in their careers and personal lives.,ai
256,"However, not all students learn in the same way.",ai
257,"Traditional teaching methods often follow a one-size-fits-all approach, which can leave some students feeling left behind.",ai
258,That's where personalized learning comes in.,ai
259,Personalized learning is an educational approach that tailors the learning experience to meet the unique needs of each student.,ai
260,"It takes into account each student's learning style, interests, and abilities, and adapts the curriculum accordingly.",ai
261,"With personalized learning, students have more control over their education, which can lead to greater engagement and improved outcomes.",ai
262,One of the main benefits of personalized learning is that it can help bridge the achievement gap.,ai
263,Students who come from disadvantaged backgrounds or who have learning difficulties may struggle in a traditional classroom setting.,ai
264,Personalized learning can help these students catch up to their peers and even surpass them.,ai
265,"For example, a student who struggles with reading may benefit from a program that uses visual aids or audiobooks to help them learn.",ai
266,Another advantage of personalized learning is that it can help students build skills that are relevant to their future careers.,ai
267,"In traditional classrooms, students are often taught a standard curriculum that may not be directly applicable to their future jobs.",ai
268,Personalized learning can help students develop specific skills and knowledge that will be useful in their chosen field.,ai
269,"For example, a student interested in graphic design may benefit from a program that focuses on design software and digital art techniques.",ai
270,Personalized learning can also help students develop a love of learning.,ai
271,"Traditional teaching methods can sometimes be boring or unengaging for students, leading to disinterest and even dropping out.",ai
272,"With personalized learning, students have more control over their education, which can lead to greater motivation and curiosity.",ai
273,"For example, a student who is interested in science may benefit from a program that allows them to conduct experiments and explore topics in more depth.",ai
274,"Of course, personalized learning is not without its challenges.",ai
275,One of the main issues is the lack of resources and support for teachers who want to implement this approach.,ai
276,"It can be difficult for educators to design and implement personalized learning programs, particularly in schools with limited funding or large class sizes.",ai
277,"Additionally, there is a lack of research on the long-term effects of personalized learning, which can make it difficult to assess its effectiveness.",ai
278,"In conclusion, personalized learning is an important approach to education that can help students achieve their full potential.",ai
279,"By tailoring the learning experience to meet the unique needs of each student, personalized learning can bridge the achievement gap, develop skills that are relevant to future careers, and foster a love of learning.",ai
280,"While there are challenges to implementing this approach, it is worth the effort to ensure that all students have access to high-quality education.",ai
281,Consistency is key to forming good habits.,ai
282,Starting your day with a healthy breakfast is a good habit.,ai
283,Making your bed every morning is a simple but effective habit.,ai
284,Drinking plenty of water throughout the day is a good habit to maintain.,ai
285,Regular exercise is a great habit to help maintain good health.,ai
286,Practicing good hygiene habits is important for overall wellness.,ai
287,Reading every day is a good habit for expanding your knowledge and vocabulary.,ai
288,Taking breaks throughout the day is a good habit for maintaining productivity.,ai
289,Using positive self-talk is a habit that can help improve your mood and confidence.,ai
290,Spending time in nature is a good habit for reducing stress and improving mental health.,ai
291,Setting goals and tracking progress is a good habit for personal growth.,ai
292,Taking the stairs instead of the elevator is a simple habit that promotes physical activity.,ai
293,Getting enough sleep is a good habit for overall health and wellbeing.,ai
294,Learning to meditate is a good habit for reducing stress and improving mental clarity.,ai
295,Being punctual is a good habit that demonstrates respect and responsibility.,ai
296,Maintaining a clean and organized living space is a good habit for reducing stress and anxiety.,ai
297,Keeping a gratitude journal is a good habit for cultivating a positive mindset.,ai
298,"Saying ""thank you"" and showing appreciation is a good habit for building strong relationships.",ai
299,Avoiding multitasking is a good habit for maintaining focus and productivity.,ai
300,Prioritizing self-care is a good habit for promoting mental and emotional wellbeing.,ai
301,Engaging in acts of kindness is a good habit for promoting positive relationships and community.,ai
302,Eating a balanced diet is a good habit for maintaining good health.,ai
303,Maintaining good posture is a good habit for reducing physical strain and promoting confidence.,ai
304,Practicing good listening skills is a good habit for building effective communication.,ai
305,Taking breaks from technology is a good habit for promoting mental wellness and reducing eye strain.,ai
306,Being honest and transparent is a good habit for building trust and respect in relationships.,ai
307,Engaging in regular self-reflection is a good habit for personal growth and development.,ai
308,Planning your day the night before is a good habit for maximizing productivity.,ai
309,Incorporating mindfulness practices into your daily routine is a good habit for reducing stress and anxiety.,ai
310,Limiting caffeine and alcohol consumption is a good habit for maintaining overall health.,ai
311,Finding time for creative outlets is a good habit for promoting mental wellness.,ai
312,Practicing active listening is a good habit for building strong relationships.,ai
313,Prioritizing self-education and learning is a good habit for personal growth and development.,ai
314,Getting regular check-ups and health screenings is a good habit for maintaining good health.,ai
315,Taking time to stretch and move your body throughout the day is a good habit for physical health.,ai
316,Avoiding procrastination is a good habit for maintaining productivity and reducing stress.,ai
317,Creating and maintaining a budget is a good habit for financial health and stability.,ai
318,Practicing forgiveness and letting go of grudges is a good habit for mental and emotional wellness.,ai
319,"Engaging in regular self-care practices such as meditation, journaling, or exercise is a good habit for promoting overall wellbeing.",ai
320,Practicing good time management is a good habit for reducing stress and increasing productivity.,ai
321,The sun cast a golden glow over the tranquil ocean.,ai
322,"The night was dark and stormy, the wind howling like a wolf.",ai
323,The stars twinkled like diamonds in the inky black sky.,ai
324,The city streets were alive with the sound of traffic and chatter.,ai
325,The morning sun painted the sky in shades of pink and orange.,ai
326,"The rain fell in a steady, rhythmic beat, tapping against the window.",ai
327,The scent of freshly baked bread wafted through the air.,ai
328,"The autumn leaves danced in the gentle breeze, like flames in a fire.",ai
329,"The moon was a pale sliver in the sky, casting an ethereal glow.",ai
330,"The mountains rose majestically in the distance, their peaks capped with snow.",ai
331,"The garden was a riot of colors, a patchwork quilt of flowers and greenery.",ai
332,"The waves crashed against the shore, a symphony of sound and fury.",ai
333,"The thunder roared in the distance, heralding an approaching storm.",ai
334,"The stars shone like beacons in the night sky, guiding travelers on their way.",ai
335,The summer air was thick with the sweet scent of honeysuckle.,ai
336,The forest was alive with the chirping of birds and the rustling of leaves.,ai
337,"The sky was a canvas of blues and purples, streaked with shades of pink and gold.",ai
338,"The sea was a vast, endless expanse of blue, stretching as far as the eye could see.",ai
339,"The snow fell softly, coating the ground in a pristine blanket of white.",ai
340,"The city skyline glittered like a jewel, its towers reaching towards the sky.",ai
341,"The light was a warm, inviting glow, bathing everything in a soft radiance.",ai
342,"The heat was oppressive, the air thick and heavy with humidity.",ai
343,"The wind was a wild, untamed force, howling and gusting with abandon.",ai
344,"The rain was a deluge, pelting the earth with an unrelenting force.",ai
345,"The sun was a blazing ball of fire in the sky, casting harsh light and deep shadows.",ai
346,"The sky was a canvas of grays and blues, with no hint of the sun.",ai
347,"The flowers were a riot of colors, each one more vibrant than the last.",ai
348,"The tree branches reached up to the sky, like the fingers of a giant.",ai
349,"The leaves rustled in the wind, like the soft whispers of a secret.",ai
350,"The snowflakes fell like a gentle, silent rain, coating everything in a quiet hush.",ai
351,"The moon was a giant, glowing orb in the sky, casting a soft light on everything below.",ai
352,"The clouds were like a fluffy blanket, stretching across the sky.",ai
353,"The rain was like a thousand tiny needles, pricking the skin.",ai
354,"The stars were like a thousand diamonds, sparkling in the night sky.",ai
355,"The sun was like a fiery inferno, blazing in the sky.",ai
356,"The grass was like a soft, green carpet beneath our feet.",ai
357,"The wind was like a playful child, dancing and skipping through the trees.",ai
358,"The flowers were like a burst of sunshine, spreading joy and beauty everywhere.",ai
359,"The snow was like a magical wonderland, transforming the world into a fairy tale.",ai
360,"The waves were like a symphony, crashing and retreating in perfect harmony.",ai
361,"The city was like a living, breathing organism, constantly in motion.",ai
362,"The sun was like a beacon of hope, casting light on the darkest of days.",ai
363,The sky was like a canvas,ai
364,My heart is shattered into a million pieces.,ai
365,"I feel so empty inside, like I'm a hollow shell.",ai
366,The world feels so dark and cold.,ai
367,Nothing ever goes right for me.,ai
368,I'm so tired of pretending everything is okay.,ai
369,I feel like I'm drowning in my own thoughts.,ai
370,It hurts so much to even breathe right now.,ai
371,Why do bad things always happen to good people?,ai
372,I feel like I'm all alone in the world.,ai
373,"My dreams are shattered, and I don't know how to pick up the pieces.",ai
374,The weight of the world feels like it's crushing me.,ai
375,Life is so unfair sometimes.,ai
376,"The sadness feels overwhelming, like a never-ending wave.",ai
377,I feel so lost and hopeless.,ai
378,I'm so tired of fighting and feeling like I'm getting nowhere.,ai
379,The future feels bleak and uncertain.,ai
380,I'm so tired of being hurt and let down.,ai
381,"The pain is so intense, it feels physical.",ai
382,I feel like I'm suffocating in my own misery.,ai
383,It feels like the light at the end of the tunnel is never going to appear,ai
384,I can't do this.,ai
385,I'm not good enough.,ai
386,Nothing ever goes right for me.,ai
387,Why does everything always have to be so hard?,ai
388,I'm so frustrated right now.,ai
389,I feel like I'm stuck in a rut.,ai
390,I just want to give up.,ai
391,I don't see the point in trying anymore.,ai
392,This is a complete waste of my time.,ai
393,I'm never going to succeed.,ai
394,I'm so disappointed in myself.,ai
395,I'm tired of being let down.,ai
396,I can't catch a break.,ai
397,I'm so angry right now.,ai
398,I'm completely overwhelmed.,ai
399,Everything is falling apart.,ai
400,I'm sick and tired of dealing with this.,ai
401,This is never going to work.,ai
402,I'm so done with this.,ai
403,I feel like I'm in a downward spiral.,ai
404,Nothing ever seems to go my way.,ai
405,I can't believe this is happening.,ai
406,I'm so over this.,ai
407,I'm so discouraged right now.,ai
408,I feel like I'm at the end of my rope.,ai
409,This is a disaster.,ai
410,I'm so stressed out.,ai
411,I'm completely fed up.,ai
412,I can't take this anymore.,ai
413,I'm so defeated.,ai
414,I feel like I'm in a constant state of chaos.,ai
415,I just want to give in and give up.,ai
416,This is the worst day ever.,ai
417,I'm so frustrated with myself.,ai
418,Everything is going wrong.,ai
419,I'm so discouraged.,ai
420,I'm so disappointed in the outcome.,ai
421,I'm so angry at myself.,ai
422,I can't believe how badly this turned out.,ai
423,I'm so sick of feeling like a failure.,ai
424,This is a total disaster.,ai
425,I feel like I'm in a nightmare that won't end.,ai
426,I'm so sick of dealing with this mess.,ai
427,I feel like I'm in a never-ending cycle of disappointment.,ai
428,I'm so tired of being let down by everyone and everything.,ai
429,I can't keep doing this to myself.,ai
430,I'm so upset with the way things turned out.,ai
431,I'm so disappointed in the situation.,ai
432,I feel like I'm in a hopeless situation.,ai
433,I'm so frustrated with the lack of progress.,ai
434,Believe you can and you're halfway there.,ai
435,"Success is not final, failure is not fatal: It is the courage to continue that counts.",ai
436,Be the change you wish to see in the world.,ai
437,You miss 100% of the shots you don't take.,ai
438,"The greatest glory in living lies not in never falling, but in rising every time we fall.",ai
439,"I have not failed. I've just found 10,000 ways that won't work.",ai
440,You are never too old to set another goal or to dream a new dream.,ai
441,It does not matter how slowly you go as long as you do not stop.,ai
442,A journey of a thousand miles begins with a single step.,ai
443,Happiness is not something ready made. It comes from your own actions.,ai
444,The best revenge is massive success.,ai
445,"Success is not the key to happiness. Happiness is the key to success. If you love what you are doing, you will be successful.",ai
446,The only way to do great work is to love what you do.,ai
447,"You don't have to be great to start, but you have to start to be great.",ai
448,Don't watch the clock; do what it does. Keep going.,ai
449,The future belongs to those who believe in the beauty of their dreams.,ai
450,The only person you are destined to become is the person you decide to be.,ai
451,It's not the years in your life that count. It's the life in your years.,ai
452,"In the end, we will remember not the words of our enemies, but the silence of our friends.",ai
453,I have a dream that one day this nation will rise up and live out the true meaning of its creed.,ai
454,The greatest wealth is to live content with little.,ai
455,Happiness is a warm puppy.,ai
456,"Do not dwell in the past, do not dream of the future, concentrate the mind on the present moment.",ai
457,The only true wisdom is in knowing you know nothing.,ai
458,The purpose of our lives is to be happy.,ai
459,The best way to predict your future is to create it.,ai
460,A room without books is like a body without a soul.,ai
461,The only thing necessary for the triumph of evil is for good men to do nothing.,ai
462,"You can't go back and change the beginning, but you can start where you are and change the ending.",ai
463,The way to get started is to quit talking and begin doing.,ai
464,may the fourth be with you! happy star wars day,human
465,"I`ve been unlocked for decades now...just not lucky, never have been. Gottta make my own luck and that involves $$$$$",human
466,Taking care of yucky stuff.,human
467,homework on a friday night...lame,human
468,Always thinking about to look for a good place to appericiate everyone who supports me on every site I joined,human
469,industrial tommorow! oh yeah & I get to go see a bunch of old people go away forever & I will probably cry all over the place.,human
470,"can`t believe I just drove all the way back to school...whatever HAPPY MOTHER`S DAY: Mommy, Precious, Candis and Granny",human
471,at the redi med. getting checked for strep throat.,human
472,I`m either always on the train or at work,human
473,i hope it doesnt rain tonight tomorrow my fam. comes to visit swimming pool and carne asada if it rains the pool is going to be dirty,human
474,"Laughing for no reason...maybe its because its 2:27 and I`m tired, haha. Maybe i should go to bed Night!",human
475,That`s me on a good day,human
476,_Greta That is so not good. Your box is worth way more than that!,human
477,I created my account just to get a chance to chat with you (: I ADMIRE YOU! you`re amazing! you inspire me to write <3,human
478,Think I`ll go enjoy the sun`s rays again...I LOVE being off work,human
479,"hahaha, I was busy, now I see what I replied to you! Yes that is true",human
480,thank you cici right back at ya!,human
481,very bad.,human
482,he`s not logging in yet. and i doubt if he will check his his replies here in twitter. but we must keep on trying!,human
483,Very content with my life at the moment,human
484,"thanks, i feel a lot better now.. but it hurt like hell!!! good luck with the lousy student writing.",human
485,Thank you x,human
486,I think we have it pretty much figured out. added a box in the Helsinki group where you can see the tweets,human
487,I must have just missed & I guess I scared & _TX off... Sorry,human
488,"esther rhymes with: investor, tester, jester, pester, polyester, semester, sylvester, requester... just to name a few",human
489,http://twitpic.com/4vdc3 - Lexus has the Twitpic! Happy mother`s day to you Lexus. I hopw it`s a nice one for you.,human
490,Last night in Australia,human
491,i was an extra. got ready for work for nothing. studying all night,human
492,_uts bass love,human
493,omg J.O.N.A.S. is my new fave show <3 one guess as to why hahahha,human
494,it`s Mothers Day today,human
495,Yeah it is. Thanks,human
496,_i_am_jes YAY! congrats! i`m afraid to check my grades!,human
497,I feel really bad for female racoons with abusive racoon husbands... when you always have black eyes- no one can help,human
498,Same Difference Today going to go and have a shower then get ready!,human
499,??????? #bash ?? ??????? ????????? ????,human
500,"Its prob cuz I don`t really like sleeping in late, even if I tried.",human
501,Congrats on the knottie man!,human
502,"Awww. Don`t mean to sound like an overgrown age 37 baby, but I`m still stick. Not as bad as yesterday, but still bad.",human
503,"i guess your cooler than me, tony hawk never replied to me",human
504,Wishing I could kidnap from work,human
505,there coming this year ^-^ wiL said it himself but yes now would be good.,human
506,I ran out of Eclipse mints,human
507,tweeten maar,human
508,"i`m watching missing pieces, just coz the theme song is lost without you",human
509,"need some more enthu movie guys for that. Right now it`s just you, and @_Anshul",human
510,**** i hope theyr all wrong we need him,human
511,No... have to go on cruches next 2 weeks,human
512,My throat is killing me,human
513,im back on twitter.,human
514,looked up weather for greece this weekend....80 and sunny OMGZ,human
515,awww I`ll let you off - but you`d better be there for my next 30th! XD,human
516,YoYo door nazis refused me entry on account of no ID gutted! Heard it was a good night tho.. Next time I`ll come prepared!,human
517,"ah! well, I`ll see if I can find u later in the week. I am tempted to look at Leica`s this week. LOL. We could go check it out.",human
518,babe u aint been reading my tweets- my phone has fallen apart. My new on comes nxt wk. The track ball keeps fallin out my phone,human
519,hhahaa! its well strange just woke up to an empty house ahah lolllllyyyyyyyy<3 love that dog,human
520,"_nexus he has to have a new suitcase, but he is just so bloody indecicive, everytime he wants to buy something it takes HOURS",human
521,_s make me tea pleaseeeeeeeeeee,human
522,classes. n bout to make sum breakfast..,human
523,oh dear.. u serious? so how does one prevent bites?? I`m so itchy its distracting while editing.. *sigh*,human
524,Sports car + curb = flat tire.,human
525,i think i just good stood up...,human
526,"Omnomnom JUST came online to 69 unread emails, as well as my backlog from yesterday http://tinyurl.com/lxjdjc",human
527,hook up with Rian van Staden on Twitter. He is a (much) better cook and may have some more concrete suggestions,human
528,"Nako! Umuulan pa naman! Anyway, enjoy the bike rides!",human
529,has just discovered a great site!,human
530,Oohh Yaay like it ! ? Love ya,human
531,DotA is an addiction...i waste 6-7 hours playing dota,human
532,Yeah. It totally sucks. I hate not being able to breathe! Thanks for the ff!,human
533,How long before the Frisbee Golfer 'accidentally' catches one in the back of the head from his friend,human
534,_Lhoste Thanks you so much for following me on Twitter; I hope you find it as exciting as I do! Looking forward to your tweets!,human
535,hi guys just doing da usael notmuch really! <3 sad me,human
536,"Happy Mother`s Day to all the mommies out there, be you woman or man as long as you`re `momma` to someone this is your day!",human
537,"Not smoking sucks sucks **** SUCKS, I want a cig",human
538,"no, i do better with people i don`t know you`re going to chiodos tonight, right? just kill something for me.",human
539,While im stuck INSIDE in Elk Grove Village working all day Someone should enjoy it!,human
540,Hi I have uploaded 5 completely new Chinese Lessons on www.youtube.com/ChineseLearn Please feel free to watch and enjoy,human
541,That was nice. I Just ordered my mom her gift from me and my sister. Something different and unexpected.,human
542,Don`t follow your dreams; chase them.- Richard Dumb (who I think is very smart,human
543,Up is out? I didn`t get the memo It looks amazing.,human
544,yeah twitter is a lot of fun babe... especially when you`ve got ppl to talk to! lol & that sounds Goooooood lol,human
545,tonight was hilariouss i loveeee everyone that was theree,human
546,thank YOU!! You guys did awesome things for my blog tonight so grateful!!,human
547,Call me when you have time and a good phone I wanna catch up with you! I love you and miss you.,human
548,has heart burn,human
549,@_TWEE haha thanks to you that`s my new word for the week! ****,human
550,"even if I was drunk, I`d think about using a fake/temporary mail address",human
551,Happy Mom`s day to your moms !,human
552,_Guy Would luv to hear music too but i√Ø¬ø¬Ωm out of batteries - the tv plays besides but i think this is some kind of vampire movie,human
553,Just touched down in Changi. +1/2 hrs to kill before heading to Penang. Must fly singapore air more often!,human
554,"dude, that`s eff`ed up. LOL @ chris browning you. We live so far apart and Im afraid to fly",human
555,wow i have no friends on twitter,human
556,Washing The Dishes :S iTs So hard 2 be Me,human
557,"Just wanted to say, positivity is doin me good! Change it up! Won`t regret it... Forsure..",human
558,my friend sent u call bck messages. i dunno if you could reply but she has no credit thts all.,human
559,I had mint ice-cream for dessert tonight. Love the stuff!,human
560,watching snl with my ucsd girls and laughing about twitter/blackberry jokes thought i`d tweet that.,human
561,Drink #2: And at 12:45pm when leaving the shops I had a Medium Light Coffee Frappuccino. Nom nom nom,human
562,Depends on what they want for it....I`ve become poor again,human
563,uploading pictures on myspace,human
564,"but it was kinda funny, sorry. ur still my favorite tho",human
565,i think both ?s related to size depend on structures and system: hard to relay in tweet but worth blogging..good questions this am,human
566,Almost to grandmas now. No internet there. I will never catch up on twitter.,human
567,Is having awesome fruits and vegetable juice at the opening of Lam`s noodles at 8 http://tinyurl.com/r65c68,human
568,LoL Clever I`m Extremely Jealous Of The Amount Of Followers You Have I Only Have 24,human
569,okie gonna tweet more because i am loosing you guys or girls,human
570,"I think your friend is thinking of Jonathan, not Danny",human
571,Packing up and leaving inlaws house heading home sweet home... Had a nice weekend and back to work in a few hours,human
572,HAPPY MOMMA`s DAY ALL. HONOR YOUR MOMs sign up for #maternalhealth here`s for all mothers and luvin kids out there: http://bit.ly/Bpekk,human
573,just got back from donating blood,human
574,why am i so tired?,human
575,y do i only have 2 people following me people follow me please x,human
576,just uploaded my new blog... a painful story about an 80s year old man who cried because he wanted to die... very sad,human
577,another purse? Need to see photos.,human
578,Aw. Toy Story 3 is coming out NEXT year.,human
579,I`m not leaving yet!,human
580,goooodnight everyone! and Happy Mothers Day to all the mothers out there.,human
581,My whole immediate will be in the same city until some point tomorrow afternoon. This is monumental,human
582,What?? Nooooooooo There goes my weekend!,human
583,Good days with good friends make me not regret living,human
584,wats gooood !! miss yall already,human
585,OMG I would sooooo make dis show number one n da ratings,human
586,Listening to dashboard confessional & counting down the days until the concert on May 16th with,human
587,its my burfday and i`m all alone,human
588,Yes...met Jon last yr at an interesting 'Questionning Agile' Agile 2008 session. Don`t see him on this yr`s schedule.,human
589,aaawww no worries fresh start to work on growing it out again,human
590,Just spent the last two hours playing L4D with babe Had HELLA fun. I love him <3,human
591,nice to have you back,human
592,I knew there was a reason I hated cars! 1. Too slow! 2. Too big! 3. I get car sick! 4. Motorbikes are much much much more fun!!,human
593,"well it`s not done yet ! 1 more thing left huaaahhhhh ! jupaa, resaaaa awas kaliaaannn !",human
594,"hahahah yeah, you`re right! Plus I`m Twitteraddict so, You`ll find me here all (well almost) day most likely",human
595,"Enjoy the coffee. We miss you, petite puce (adica Puricel in franceza)",human
596,omg evie. we have to do our plan for hot 30 tomorrow night,human
597,"Why are young people attracted to trouble? this makes me sad! ,<3 kMv",human
598,Omg i`m going to robinson with tyler wfm. And i freakin miss anthony ugh today kinda sucks. Lex<3,human
599,my little felted thing looks like an incestuous by- product of two of your lovelies,human
600,That is super sad How is Bart etc holding up?,human
601,_ERON Effy breaks my heart.,human
602,thanks lyxxx,human
603,I am jealous...Ur koi fish are getting ur attention & I`m not.....lmao I`m kidding!!,human
604,and this terrible cartoon that`s supposed to be mexican.,human
605,Happy Mothers Day!,human
606,Happy May Day and Star Wars Day,human
607,happy mother`s day!,human
608,is wondering what I did to get on the 'do not respond' list,human
609,Jaydiohead 'No Karma' ? http://twt.fm/91610 #musicmonday This is not the android I was looking for. But it`ll do.,human
610,"I am ok, I think I will just take the attitude that Mothers Day is an invented Hallmark holiday from now on",human
611,- Sorry only just seen this - how strange it seems only to happen from my iPhone - perhaps it is a problem with Twitterific,human
612,Happy birthday!,human
613,http://twitpic.com/4wgoi - At bus boys and poets ordering medici and white chocolate banana bread pudding !!,human
614,"Now, lets do funkey stuff, talking with magento, through xmlrpc with codeignite and output with amf (Zend) to flash",human
615,thanks !!my real name is nadia,human
616,BUT THEY ARE EXPENSIVE.,human
617,"_ thatd be likely, bein that i lived on campus ha...i just moved back to the cov",human
618,msn-ing. no school shouldn`t there be more bank holidays? x,human
619,_tah oh no. *hugs*,human
620,Time flies...and i never got it all right. Why oh why?,human
621,so sorry about that I have the same issues...LOL. My weekend started about an hour ago!!!,human
622,"CC√Ø¬ø¬Ωs video for Long Gone premiers today on yahoo, dont miss it: http://new.music.yahoo.com/videos/premieres/ AWESOME video and version",human
623,"I know, i know... -hugs-",human
624,you have no interview today?,human
625,is sad that she is not seeing Basshunter at Metroplex this weekend,human
626,Date movie with Nate. Most likely Wolverine.,human
627,"*reads phone book* Hugh Clancy, Hugh Claments...Nope, no Hugh Clap. Poor Holly, though she`ll grab pity votes like a shark.",human
628,She is beautiful . But don`t feel badly. Some neaby grans see grandkids about the same amt. Can`t go to them = out of luck,human
629,o can`t work that one out pain in the **** them spammers,human
630,he wasn`t there today my free day from when the bell rang and wen it rang at the end was okayy..but after,human
631,aaaaaaaahhhhhhhh I hate the Internet When will people learn 'native widgets are always best',human
632,watching W. with jas. i love my brother he`s my best friend,human
633,**** it. Totally gutted I decided not to go out tonight. Roni Size is DJing,human
634,I don`t think I like this Roy Williams who dissects frogs while still alive > You look like Chachi from Happy Days,human
635,he didn`t know there was going to be a test,human
636,i need to get tickets though idk how that is gonna happen,human
637,Safari 4 beta (OS X) is in a crash loop on startup. Back to non- cookie saving Firefox.,human
638,I am definitely ready... actually ahead of you... I already have a sun tan and I was out at the beach yesterday.,human
639,"As opposed to twitter, where all we can do is talk to people. SL is fun. I already have way too many ways to distract myself.",human
640,wants TFA back. http://plurk.com/p/x2rgl,human
641,still on the train goin 2 the southside!,human
642,Zach G. gets an extensive profile in this weekend`s NY Times Magazine. The chances of us falling in love are getting fewer and fewer.,human
643,Coffee time be back later kisses*,human
644,Yeah! Thanks! I`ll be back in soon to see what ya got!,human
645,ahhh fusterated,human
646,Another HD - my lecturer was gob smacked by how good our presentation was,human
647,awesome! All deserved I`m sure. Miss the Crabs games,human
648,I am using iMovie 08 and it`s still not bad. I am afraid to hear what is wrong with 09,human
649,I wish I could play guitar..... my guitar I got a few christmas`s ago is collecting dust! I need to learn! haha,human
650,"When balancing a chair on my chin in the sixth form common room got nothing but sneers, I hung those balls up for good",human
651,but i`m talking to the boy first,human
652,_ENVY how come you dont think you did good?!,human
653,"outta the shower, too bad justin couldn`t spend the night. haha",human
654,jealous it looks like schindler`s list in toronto,human
655,"@ Little_Ren is lovely lovely, and so niceee",human
656,I`m saying my goodbye to my car for the next 2 weeks I`m gonna miss it!! Its going to come back beautiful though!!,human
657,Out with Audrey,human
658,I`m SO jealous! I don`t know when I`ll be able to see Conan.,human
659,My wedding next Thursday and I`m ill,human
660,Me neither. But it`s no longer about what we want. It`s about fairness. And fairness is whatever government says it is.,human
661,Where are all you Motivated/Determined/wannabe sexy successful young professionals!??! I might really have to join a BNI if there is no1!,human
662,"I should post some photos of my robots ok - offline for 4 hours now. ttfn (oh, so IM...)",human
663,lmao yeaa iight n u shuld put tha c.b flick up w. **** on ur head .. juss a joke,human
664,im sure jont wont mind sharing,human
665,Aw...poor thing.,human
666,hahahah of course they have such a nasty display picture :`),human
667,boooo!!! I bet it was a nice wallet too,human
668,in math class waiting for lunchhhhhhhh. seniors are done in fifteen minutes,human
669,thanks scared of dentists.. looks like I am going to have to get over it and go,human
670,dad`s been having fever since last nite and needs 2 bottles of blood trasfusion..loaded 1 today..1 to go tomorrow.,human
671,who not here be glad!!!!!!! ur sso luckyyyyyyy i hate u r home n r not enduring dis!!!!,human
672,"Sick. Feel like jello, can`t talk, and delirious.",human
673,It`s teddy-chucking time,human
674,OMJ! The 3rd episode of Jonas is too great! They are so funny. I wish I was the Pizza Girll. Lol <3,human
675,Went and saw Fighting last night with the best friend. It wasn`t all that great but Channing Tatum is amazing!,human
676,it makes perfect sense. I guess i am very down to earth. Thanks for your reply,human
677,"Finally, im back online! I miss my lappy. So many things to follow up. Starting with Ning... Haha.",human
678,"sux, I`m thinking of being an accountant. Mad monies! I`m a middleschool cafeteria manager (25k/yr)",human
679,"The sun is shining brightly and the day has just begun! What`s in store? Wandering around les calanques maybe? Vin, definitely!",human
680,"AM`s good for us GMT-ish people, I think. Looking forward to it and hope you`re batteries & laptop will be recharged soon.",human
681,the fact my room is so hot is making me feel sick,human
682,my arms hurt!,human
683,I can remember those Evidence Based Management lectures...definitely the best of EBM,human
684,on my way to work. I`M SO HUNGRY!,human
685,starting phase 1 of operation 'be productive'- pack clothes. can`t find pink tank top!! oh no!!!,human
686,My throat is on fire,human
687,Miss Cauzinhoooo already,human
688,"Fab, eh? Feel free to come along for some pre-ep 4 chat and drinks over at Luigi`s - http://www.luigis.org.uk tomorrow!",human
689,"Since part of your job is predicting what will happen on the golf course, what are you going to shoot?",human
690,what kind of food Celli? I`m following you now,human
691,"I just want this whole day to hurry up,",human
692,"Oh yes..i think almost every Tuesday in June. Which dresss, I just bought one, then felt guilty and took it back",human
693,OK! Oops sorry,human
694,I LLLOOOVVVEEE ICARLY,human
695,"Aye, May the 4th be with you",human
696,the suns starting to go in im getting coldddd!,human
697,On my way to dazzle bar!!,human
698,"lol! I thought we was suppose to guess..****, I tried tho..lolol!",human
699,"- Wow, I didn`t realise you were Hami. lol. Thanks for all the comments on my blog, dude",human
700,Going to jog down to uni. Quite a way from my family home but exercise and all that,human
701,_xo hey chick u alryt u at dads tmoro we sud do sumin aen like last week we neva dun oot this week lol missed you ha bye hun ****,human
702,Glad to see the sun out in Dublin after a great week in London. Back to work,human
703,yes not for putting inside anything else,human
704,"http://twitpic.com/4wfs8 - You are so weird. You need to lay off the smokes, because you`re talking to yourself.",human
705,had an awsome salad! I recommend getting the Spicey buffalo chicken salad!,human
706,_Luck13 they are SO cute,human
707,haha I tried covering it with make up.. It doesn`t work lol so wearing a scarf is the way to go.,human
708,what am i gonna do when my iphone is full!,human
709,"_zaboo its ok, it just hurts abit i thought i was doing a good job... if i was rude to people i could understand... x",human
710,lost HIATUS noooooooooooooooooo D: back to school tomorow. back in 10TY (),human
711,"yes super lakas ng ulan. buti nalang i have a red bandana, body ko lang ang wet look hahah!",human
712,"Watched GossiP.Girl. Dan`s so funny, haha.",human
713,hope your day gets better soon!!,human
714,Thanks for the shoutout,human
715,is tired but happy the orphanage was wow.. and babysitting was really fun,human
716,"A sunny morning in the Big K, with lawns to mow and a 2 mile to run to attempt, urgh",human
717,melissa_leah: my car wont start.......,human
718,couple days?! Sheeeeit. Wish I were there. Have something at Cafe Claude for me.,human
719,Bushidokan class got canceled. I`ll just have to sign up for karate someplace else!!,human
720,does it work on the iPhone as my MacBook is flat,human
721,"aww, jon ryan bob and greta in one picture? how adorable and it brightens my morning, ty jon walker",human
722,maybe one day I can be on your favorite producers list lol,human
723,You know we do!,human
724,wants this summer to actually have some sun in it,human
725,I`d love to!!,human
726,Never commute in the rain. The people get so much meaner to you.,human
727,The problem is that I`m not finished with it But I have logged in mass hours this week on it. And i`m not being paid! POP!,human
728,what a beautiful morning! nice to be out,human
729,FAILlllllllll whenever ur freee then?,human
730,_ray Bright Eyes=Contentment,human
731,http://naturalismo.files.wordpress.com/2008/01/elliott10.jpg my hero,human
732,"I don`t think I`ve ever been up this early on a Sunday in a while. Meanwhile, the #bigweekend awaits!",human
733,i feel like taking a day off but cannot afford it looking forward to the dfb cup final tmrw night though. go werder!!!,human
734,"@_Marguerite Yup, that`s Dianne and Claudia. Dianne is new to Tweetville, Claudia has been on a while but not active here",human
735,My legs are so **** sore. And my feet hurt to walk. Whataday,human
736,Were have you been?,human
737,hahah! sadly there is no current activity though in the room,human
738,Yeah Yeah Yeahs - Softshock,human
739,We`ll watch & wait & tomorrow I can take anyone who needs to the dr w/o having to take everyone else....N`s cheeks & ears red as my hair,human
740,yeaaa i just got the link off his lj,human
741,noone wants to talk to me lol,human
742,so very irratated,human
743,"http://twitpic.com/4vuuy - thats the most colorful thing ive seen all day,wow.",human
744,Somebody get me out of work tomorrow.,human
745,"haha.. you were actually in violations of someone`s trademark?! okay.. Yeah, I went to bed at 4 and I had to be up at 6. :[",human
746,"I just started watching 30 Rock too, borrowed seasons 1 and 2 from my dad so good.",human
747,i like OGBERRY,human
748,Lost at bowling again why do i suck,human
749,"You are totally welcome to come hang out on my wiki Do it, do it!",human
750,? American Pie FOREVER. I`m watching it right now. They`re running naked around on the Streets! Would you do that? I would [ NOT ],human
751,Hey im a fan from New Zealand. Loving the show even tho we are soooo behind in the episodes! haha. Keep up the good work,human
752,crud is all I can say,human
753,going to work till 3...then maybe ride the horses and take my sister to softball pratice,human
754,Nice! You should submit that to failblog.org,human
755,"Is ahhh, ching chong wing wong ping pong ding dong!",human
756,has two tickets to Amadou and Miriam for Tue. June 2 that I can`t use $25 each to anyone who wants `em. That`s face value. Should be good,human
757,_zwitschert There`s supposed to be a <3 at the end of my last tweet but I guess twitter ate it,human
758,is going to watch the two davids. yey,human
759,hahahaha wtf dianne????? who twitters that lol...i guess it depends who the person is.....,human
760,listening to a new Stolen Sheep record,human
761,Home from work. A few hours of sleep then putting some miles on the new bike.,human
762,"says livejournal is being a bee-eye-tee-see-hedge. Dum dee dum, ok back to work!",human
763,always excited for a new chapter in my life. just didnt expect it to be so emotional.,human
764,in about half a hour i`m going to my english lesson...guess i`ll have to wait...and wait for a couple hours so i`m over with it.(( :S )),human
765,hell yeah! Belgian beer is the bomb!! :p,human
766,"hahahaha. im listening to my iTunes library, a bit of Sonia Dada atm, ITs good",human
767,http://twitpic.com/4we4j - Speed lessons on the main screens on center court! I had to take this pic,human
768,"great pic,have to upload my pix tomo,I`ve no laptop tonight.",human
769,acsvxdcbgfn soccer now. shall see young phoebe after D: I don`t want her dressed up though,human
770,You win ... SIGH Rakeem,human
771,live long and prosper,human
772,"just got in from michaels and had some shreddies im well tired, it was fun though ryan wright stoned = LOL",human
773,Hey Charicee! How are u? Are you going to come to Italy again? please tell me yes,human
774,mean,human
775,finished proofing the wedding from March .. now just waiting for export and upload before I can share Still have 2 more sessions to do!,human
776,lol yea im thinkin bday bash ! but everybodys lame wants to sit in the house instead of qo wit me lol,human
777,waiting for the battery to charge for my new DSLR,human
778,My dad had to bury ours six weeks ago. She became his after I left for college fourteen years ago. Long time to have a kitty.,human
779,"- Bless you as well sweetie, and i hope you have a wonderful weekend",human
780,you could say that. I left it in VT and have been Blackberryless since Tuesday Night. I`m lost,human
781,"it was a biligual sweatshop LOL I talk 2 him once in a while but not as much, he got an r6",human
782,"super late for work, and got an earful from the PSYCHOPATH. GRRRR! Day, please get better",human
783,just got outta work. ....... Frankie`s house.,human
784,kirk is hotter than spock,human
785,ShoesShoesShoes.YayYayYay.lol.IWouldPostATwitPic.ButIdntKnoHow2,human
786,Search for 'Asos coupons' in Google Plenty to choose from,human
787,I want you in my mouth and my **** b!tch' mm jeffree rawks,human
788,- Does the 1st show count? That would be the midnight show Thurs night/Fri morning,human
789,Omg I can`t believe jay leno is going off the air,human
790,I`m SO thinking about skippin out to NY in the morning. . . but all of my plans were for tonight well . . . most of them anyway.,human
791,Taking 40 underpriveledged kids to the circus 2moro. BIG day planned & I still aint feeling 100% so nervous right now..,human
792,"Enjoying a beautiful day off by hanging around the house. Pam is making a cake, but she won`t give me any",human
793,it might be the swine flu! haha `cause i`ve got the flu,human
794,Happy Mothers day to all mums,human
795,i can`t studyyyyyyyyyyyyyyyyyyyyyyyyy i have an exam tom,human
796,Is in starbucks,human